date,center_letter,outer_letters,words
2026-09-08,T,AEINRS,ANTI ATTAIN ATTAINS ATTIRE ATTIRES EAST EATEN EATER EATERS EATS ENTER ENTERS ESTATE ESTATES INITIATE INITIATES INSTATE INSTATES INTENT INTENTS INTER INTERN INTERNS IRATE ITERATE ITERATES NATTER NATTERS NEAT NEST NESTS NETT RATE RATER RATERS RATES REINSTATE REINSTATES RESTART RESTARTS RESTRAIN RESTRAINS RETAIN RETAINER RETAINERS RETAINS RETINA RETINAS SAINT SAINTS SATIN SEAT SEATS SITAR SITARS STAIN STAINER STAINERS STAINS STAIR STAIRS STAR STARE STARES STARTER STARTERS STARTS STATE STATES STEER STEERS STEIN STEINS STERN STERNS STIR STIRS STRAIN STRAINER STRAINERS STRAINS STRAIT STRAITS STRATA TAINT TAINTS TANNIN TANNINS TARE TARES TARN TARNS TART TARTAN TARTANS TARTS TASTE TASTER TASTERS TASTES TEAR TEARS TEAT TEATS TEEN TEENS TENET TENETS TENNIS TENT TENTS TERRA TERRAIN TERRAINS TERSE TIARA TIARAS TIER TIERS TINE TINES TINT TINTS TIRE TIRES TITAN TITANS TITRE TITRES TRAIN TRAINER TRAINERS TRAINS TRAIT TRAITS TRANSIT TRANSITS TREAT TREATISE TREATS TREE TREES
2026-09-09,G,EINORS,EGGS EGOS ERGO ERGS GEAR GEARS GEESE GENIE GENIES GENRE GENRES GIGS GINGER GINGERS GINS GOER GOERS GOES GONE GONG GONGS GORE GORES GORGE GORGER GORGERS GORGES GORGON GORGONS GREEN GREENS GRIN GRINS GROG GROGS GROIN GROINS IGNORE IGNORES OGRE OGRES ORIGIN ORIGINS REGION REGIONS REIGN REIGNS RESIGN RESIGNS RING RINGER RINGERS RINGS SAGE SAGER SAGES SIGN SIGNER SIGNERS SIGNS SING SINGE SINGER SINGERS SINGES SINGS SNOG SNOGS SONG SONGS
2026-09-10,A,GHINRS,AGAR AGING AIRING AIRINGS AIRS ARIA ARIAS ARISING GAIN GAINS GARISH GARNISH GNAR GNARS GNASH GRAIN GRAINS HAIR HAIRS HANG HANGAR HANGARS HANGING HANGS HARSH NAGS RAIN RAINING RAINS RAISIN RAISING RAISINS RANG RASH SAGA SAGAS SAGS SANG SARI SARIS SHAG SHAGS SHAH SHAHS SHARING SHARINGS
2026-09-11,K,ABEPRS,BAKE BAKER BAKERS BAKES BARK BARKER BARKERS BARKS BEAK BEAKER BEAKERS BEAKS BESPEAK BESPEAKS BRAKE BRAKES BREAK BREAKER BREAKERS BREAKS PARK PARKA PARKAS PARKER PARKERS PARKS PEAK PEAKS PEEK PEEKS PERK PERKS RAKE RAKER RAKERS RAKES SAKE SAKES SPARK SPARKER SPARKERS SPARKS SPEAK SPEAKER SPEAKERS SPEAKS
2026-09-12,M,AINRST,AMIR AMIRS AMISS ANIMA ANIMAS ARMS ATMAN ATMANS IMAM IMAMS MAIN MAINS MAINTAIN MAINTAINS MANIA MANIAS MANNA MANNAS MARINA MARINAS MARS MART MARTIN MARTINS MARTS MAST MASTS MATS MIASMA MIASMAS MINI MINIS MINT MINTS MIST MISTS MITT MITTS RAMS RIMS SAMARITAN SMART SMARTS STAMINA STAMINAS TRAM TRAMS TRANSMIT TRANSMITS
2026-09-13,G,AEINRT,AGATE AGENT AGREE AGREEING ANGER ANGERING EAGER EATING ENGRAIN ENGRAINING GAIN GAINER GAINING GAIT GAITER GARNER GARNET GATE GEAR GEARING GENERATE GENERATING GETTER GIANT GIRT GNAT GRAIN GRAINING GRANITE GRANT GRANTEE GRANTER GRANTING GRATE GRATER GRATING GREAT GREATER GREET GREETING GRIN GRINNING GRIT IGNITE IGNITER IGNITING INTEGRATE INTEGRATING RAGE RAGING RANG RANGE RANGER RANGING REAGENT REGAIN REGAINING REIGN REIGNING REINTEGRATE REINTEGRATING RETAG RETAGGING RING RINGER RINGING TARGET TARGETING TEARING TIGER TING TINGE TINGEING TINGING TRAIN TRAINING
2026-09-14,S,EGINPW,GENS GIES GINS NEWS PEGS PEWS PIGS PINS SEEN SEEP SEEPING SEEPS SEWN SIGN SIGNING SIGNS SINE SINES SINEW SINEWS SING SINGE SINGEING SINGES SINGS SINNING SIPE SIPES SIPS SNIP SNIPE SNIPES SNIPING SNIPS SPEW SPEWING SPEWS SPIN SPINE SPINES SPINNING SPINS SWEEP SWEEPING SWEEPINGS SWEEPS SWIG SWIGS SWINE SWINES SWING SWINGE SWINGES SWINGING SWINGS SWIPE SWIPES SWIPING WISP WISPING WISPS
2026-09-15,E,DILRVY,DEER DELI DELIVER DELIVERED DELIVERER DELIVERY DEVIL DEVILRY DIED DIEL DIVE DIVER DRIVE DRIVEL DRIVER DYED DYER EERIE EERILY ELDER ELDERLY EVER EVERY EYED EYER IDLE IDLED IDLER LEER LEERY LEVEL LEVELED LEVELER LIED LIER LIVE LIVED LIVER LIVERY REED REEDY REEL REELED RELIED RELIEVE RELIEVED RELIEVER RELIVE RELIVED REVILE REVILED REVILER RILED RIVER VEER VEERED VEERY VEIL VEILED VERY YIELD YIELDED YIELDER
2026-09-16,R,ADGINW,AIRING ARID DARING DARN DARNING DRAG DRAGGING DRAIN DRAINING DRAW DRAWING DRAWN GIRD GIRDING GNAR GRAD GRAIN GRAINING GRAND GRIND GRINDING INWARD RADAR RAIN RAINING RANG RANI RIGID RIND RING RINGING WARD WARDING WARN WARNING WARRING WRANG WRING WRINGING
2026-09-17,H,ADELNS,AHEAD ASHEN DASH DASHED DASHES HALE HALED HALES HALL HALLS HAND HANDED HANDLE HANDLED HANDLES HANDS HEAD HEADED HEADS HEAL HEALED HEALS HEED HEEDED HEEDS HEEL HEELED HEELS HELD HELL HELLS HENNA HENS LASH LASHED LASHES LEASH LEASHED LEASHES SHAD SHADE SHADED SHADES SHALE SHED SHEDS SHEEN
2026-09-18,S,CGINOR,COINS CONS CORNS CROCS CROONS GINS GRINS GROINS ICONS IRONS RINGS ROSIN SCION SCIONS SCORING SCORN SCORNS SIGN SIGNS SIGNOR SIGNORS SING SINGS SINS SIRS SNOG SNOGS SONG SONGS SONIC SONICS SOON
2026-09-19,B,ADEKLN,BABE BABEL BAKE BAKED BALE BALED BALK BALKED BALL BALLED BAND BANDED BANE BANK BANKED BEAD BEADED BEAK BEAKED BEAN BEANED BEEN BELL BELLED BEND BENDED BLAB BLADE BLADED BLAND BLANK BLANKED BLED BLEED BLEND BLENDED ENABLE ENABLED NABOB
2026-09-20,R,BDEHSU,BRUSH BRUSHED BRUSHES BURSE BURSES DURESS REDUB REDUBS REHUB REHUBS RUBE RUBES RUDE RUDER RUSH RUSHED RUSHES SHRED SHREDS SHRUB SHRUBS SURE SURER USER USERS USHER USHERED USHERS
2026-09-21,T,EGHISW,EIGHT EIGHTS SHEET SHEETS SIGHT SIGHTS SITE SITES TEETH TEST TESTS TIES TIGHT TIGHTS TWIG TWIGS WEIGHT WEIGHTS WETS WHET WHETS WHIT WHITE WHITES WHITS WIGHT WIGHTS WITH WITHE WITHES WITHS WITS
2026-09-22,F,AILNST,FAIL FAILS FAINT FAINTS FALL FALLS FANS FAST FASTS FATAL FATS FILA FILIAL FILL FILLS FINAL FINALIST FINALISTS FINALS FINIS FIST FISTS FITS FLAIL FLAILS FLAN FLANS FLAT FLATS FLIT FLITS INFANT INFANTS LIFT LIFTS TIFF TIFFS
2026-09-23,C,ENORTU,CENT CENTRE COCOON CONE CONTE COOT CORE CORNET COTE COUNT COUNTER COURT CRONE CROON CRUET CURE CURER CURET CURT CUTE ECOTOUR NOCTURNE RECON RECOUNT RECTOR TROUNCE
2026-09-24,T,INORSU,INTO INTRO INTROS INTURN INTURNS NOTION NOTIONS NUTRITION NUTRITIONS OUTRUN OUTRUNS OUTS OUTTURN OUTTURNS RIOT RIOTS ROOT ROOTS ROTI ROTIS ROTOR ROTORS ROUT ROUTS RUNT RUNTS RUST RUSTS RUTS SUIT SUITOR SUITORS SUITS TINT TINTS TOON TOONS TOOT TOOTS TORN TORO TOROS TORSI TORSO TORSOS TORT TORTS TOUR TOURS TOUT TOUTS TRIO TRIOS TRITON TRITONS TROUT TROUTS TURN TURNOUT TURNOUTS TURNS TUTOR TUTORS TUTU TUTUS
2026-09-25,B,EIORST,BEER BEERS BEET BEETS BESOT BESOTS BEST BESTS BETS BISTRO BISTROS BITE BITER BITERS BITES BITS BITTER BITTERS BOOR BOORS BOOT BOOTS BOOTIE BOOTIES BORE BORES BORT BORTS BOSS BRIER BRIERS BRIES BRIS BROSE OBIT OBITS ORBS ORBIT ORBITS ROBE ROBES ROBOT ROBOTS SOBS SOBER SOBERER SOBEREST SORB SORBS TRIBE TRIBES
2026-09-26,C,AELRSU,ACER ACES ACRE ACRES ARCS CALL CALLER CALLERS CALLS CARE CARER CARERS CARES CARLE CARLES CARS CASE CASES CAUL CAULS CELL CELLAR CELLARS CELLS CLEAR CLEARER CLEARS CLUE CLUES CRUEL CRUELER CRUELEST CULL CULLS CURE CURER CURERS CURES CURL CURLER CURLERS CURLS CURSE CURSER CURSERS CURSES LACE LACER LACERS LACES RACE RACER RACERS RACES RECALL RECALLS RESCUE RESCUER RESCUERS RESCUES SACCULE SACCULES SCALE SCALER SCALERS SCALES SCAR SCARE SCARES SCARS SCULL SCULLS SECULAR SECURE SECURER SECURES ULCER ULCERS
2026-09-27,P,AFLOSY,FLAP FLAPS FLOP FLOPS PALS PAYS PLAY PLAYA PLAYAS PLAYOFF PLAYOFFS PLAYS PLOP PLOPS POLO POLOS POOF POOFS POOFY POOP POOPS POPS SALP SALPS SOAP SOAPS SOAPY SOPS SPAY SPAYS
2026-09-28,S,ADELRT,DARTLES DATES DEALS LAST LATE LATER LATEST LEAD LEADS LEAST RATES READS REALEST RESAT RESET RESETS SATE SEAT SEATS SETT SETTLE SETTLER SETTLERS SETTLES SLATE SLATER SLATERS SLATES STALL STALLS STARE STARES START STARTS STATE STATES STEAL STEALS STELE TAELS TALES TARTLETS TEARS TEAS TREADLE TREADLES
2026-09-29,M,AEHRST,ARMS HAMS HAMMER HAMMERS HAMSTER HAMSTERS HAREM HAREMS HARM HARMS HEMS HERM HERMS MARE MARES MARSH MARSHES MART MARTS MASER MASERS MASH MASHER MASHERS MASHES MAST MASTER MASTERS MASTS MATE MATER MATERS MATES MATH MATHS MATS MATTER MATTERS MEAT MEATS MEET MEETS METE METER METERS METES METRE METRES REAM REAMS SAME SEAM SEAMS SHAM SHAME SHAMES SHAMS SMART SMARTER SMARTEST SMARTS SMEAR SMEARS STEM STEMS STREAM STREAMS TAME TAMER TAMERS TAMES TEAM TEAMS TEEM TEEMS TERM TERMS THEM THEME THEMES TRAM TRAMS
2026-09-30,H,ACEKRS,ACHE ACHES ARCH ARCHES CACHE CACHES CASH CHECK CHECKS CHEEK CHEEKS CHEER CHEERS CRASH CRASHES HACK HACKER HACKERS HACKS HAKE HAKES HARE HARES HARK HARKS HEAR HEARS HEARSE REACH REACHES SHACK SHACKS SHAKE SHAKER SHAKERS SHAKES SHARE SHARES SHARK SHARKS SHEA SHEAR SHEARS
2026-10-01,P,CEKOST,COOP COOPS COPE COPES COPSE COPSES KEPT PEEK PEEKS PEEP PEEPS PEST PESTS POCK POCKET POCKETS POCKS POET POETS POKE POKES POOP POOPS POPE POPES POPS POST POSTS POTS SCOOP SCOOPS SCOPE SCOPES SEEP SEEPS SPOKE SPOKES SPOOK SPOOKS SPOT SPOTS STEP STEPS STOP STOPE STOPES STOPS
2026-10-02,S,BCEIGR,BEERS BEGS BERGS BIGS BRIGS CRIBS EGGS ERGS GIBES GIGS ICEBERGS ICES IRISES REBS REIS RIBS RICES RIGS RISER RISERS RISES SCRIBE SCRIBES SCREE SEER SEERS SERE SERES SERGE SERGES SIRE SIREE SIRES SIRS
2026-10-03,U,ADEMRS,AMUSE AMUSED AMUSER AMUSERS AMUSES ASSUME ASSUMED ASSUMER ASSUMERS ASSUMES AURA AURAS DEMUR DEMURS DRUM DRUMS DUDE DUDES DUES DURA DURE DURES EARDRUM EARDRUMS MEASURE MEASURED MEASURER MEASURERS MEASURES MUDS MURED MURES MUSE MUSED MUSER MUSERS MUSES RUDE RUDER RUES RUMS RUSE RUSES SUED SUER SUERS SUES SUMMA SUMS SURA SURAS SURD SURDS SURE SURER UREA UREAS USED USER USERS USES
2026-10-04,G,ADINRU,AGING ANGINA ARGUING DANG DARING DING DINGING DRAG DRAGGING GAIN GAINING GANG GAUD GAUDING GIRD GIRDING GNAR GRAD GRAIN GRAINING GRAND GRID GRIN GRIND GRINDING GRINNING GUARD GUARDING GUAN INGRAIN INGRAINING RANG RIGID RING RINGING RUING RUNG UNGUARDING URGING
2026-10-05,T,AGINOR,ANTI AORTA ATTAIN ATTAINING GAIT GNAT GOAT GRATING GRIT GROAT GROT INGOT INTRO IOTA NATION RATIO RATING RIOT RIOTING ROOT ROOTING ROTA ROTATING ROTI ROTOR TAINT TAINTING TANG TANGO TARO TAROT TART TARTAN TIARA TING TINT TINTING TITAN TOOT TOOTING TORN TORO TORT TRAIN TRAINING TRAIT TRIG TRITON
2026-10-06,Z,EFGINR,FREEZE FREEZER FREEZING FRIZ FRIZE FRIZZ FRIZZER FRIZZING GEEZER REFREEZE REFREEZING ZINE ZING ZINGER ZINGING
2026-10-07,P,BEMRSU,BEEP BEEPS BUMP BUMPER BUMPERS BUMPS MUMPS PEER PEERS PERM PERMS PREE PREES PUMP PUMPER PUMPERS PUMPS PURE PURER PURES PURR PURRS PURSE PURSER PURSERS PURSES REPRESS RUMP RUMPUS RUMPS SEEP SEEPS SPREE SPREES SPUR SPURS SUPER SUPERS
2026-10-08,U,CELRST,CLUE CLUES CLUSTER CLUSTERS CRUEL CRUELER CRUELEST CRUET CRUETS CRUS CRUST CRUSTS CULL CULLS CURE CURER CURERS CURES CURET CURETS CURL CURLER CURLERS CURLS CURSE CURSER CURSERS CURSES CURT CUTER CUTES CUTEST CUTLER CUTLERS CUTLET CUTLETS LUST LUSTRE LUSTRES LUSTS LUTE LUTES RULE RULER RULERS RULES RUSE RUSES RUST RUSTLE RUSTLER RUSTLERS RUSTLES RUSTS RUTS SCULL SCULLS SCUT SCUTS SCUTE SCUTES SECURE SECURER SECURES SUET SUETS SURE SURER SUTLER SUTLERS TRUCE TRUCES TRUE TRUER TRUES TRUST TRUSTEE TRUSTEES TRUSTER TRUSTS ULCER ULCERS USER USERS
2026-10-09,M,BGINOR,BOOM BOOMING BRIM BRIMMING BROOM BROOMING GROOM GROOMING MINING MOON MOONING MOOR MOORING MORNING MORON NORM RIMING ROOM ROOMING
2026-10-10,P,IMNORT,IMPORT IMPORTING MOPING OPTING OPTION PINT PINTO PITON POINT POINTING POOR PORT PORTION PORTIONING POTION PRINT PRINTING PRION PRIOR PROMPT PROMPTING PROMOTION PROP PROPORTION PROPORTIONING RIPING ROMP ROMPING TAMPON TRIP TRIPPING TROOP TROOPING
2026-10-11,W,AEPRST,PAWER PAWERS PAWS PEWS RAWER RAWEST RESEW RESEWS SEWER SEWERS SEWS STEW STEWS SWAP SWAPS SWART SWAT SWATS SWEAT SWEATER SWEATERS SWEATS SWEEP SWEEPER SWEEPERS SWEEPS SWEPT TAWS TAWSE TAWSES TWEET TWEETS TWERP TWERPS WARES WARP WARPS WART WARTS WASP WASPS WASTE WASTER WASTERS WASTES WATER WATERS WEAR WEARS WEEPER WEEPERS WEEPS WEFTS WERE WERT WEST WESTS WETS WRAP WRAPS WRASSE WREST WRESTS
2026-10-12,E,BGINLP,BEEP BEEPING BEGIN BEGINNING BEING BELIE BIBLE BILE BINGE BLEEP BLEEPING GENE GIBE GLEBE GLEN INGLE LEGGING LIEN LINE LINEN NIBBLE PEBBLING PEEP PEEPING PEEN PIGPEN PILE PINE PIPE PIPELINE PLEB PLEBE